{"cameraMode":{"drawMode":0,"name":"Shaded","section":"Shading Mode"},"sceneLighting":false,"audioPlay":false,"sceneViewState":{"m_AlwaysRefresh":false,"showFog":true,"showSkybox":false,"showFlares":true,"showImageEffects":true,"showParticleSystems":true,"showVisualEffectGraphs":true,"m_FxEnabled":true},"in2DMode":false,"pivot":{"x":-3.9000000953674318,"y":0.47999995946884158,"z":-5.451426982879639},"rotation":{"x":0.1363852620124817,"y":-0.013755181804299355,"z":0.0014756807358935476,"w":0.9906355142593384},"size":0.7088723182678223,"orthographic":true}