{"cameraMode":{"drawMode":0,"name":"Shaded","section":"Shading Mode"},"sceneLighting":true,"audioPlay":false,"sceneViewState":{"m_AlwaysRefresh":false,"showFog":true,"showSkybox":true,"showFlares":true,"showImageEffects":true,"showParticleSystems":true,"showVisualEffectGraphs":true,"m_FxEnabled":true},"in2DMode":false,"pivot":{"x":0.030000045895576478,"y":2.6050000190734865,"z":-51.70000076293945},"rotation":{"x":-0.30875343084335329,"y":-0.08346514403820038,"z":0.029748301953077318,"w":-0.9472241997718811},"size":4.506430625915527,"orthographic":true}