{"cameraMode":{"drawMode":0,"name":"Shaded","section":"Shading Mode"},"sceneLighting":true,"audioPlay":false,"sceneViewState":{"m_AlwaysRefresh":false,"showFog":true,"showSkybox":true,"showFlares":true,"showImageEffects":true,"showParticleSystems":true,"showVisualEffectGraphs":true,"m_FxEnabled":true},"in2DMode":false,"pivot":{"x":0.002171172760426998,"y":0.0102612329646945,"z":0.002741213422268629},"rotation":{"x":0.11108733713626862,"y":-0.004837226588279009,"z":0.00012822139251511544,"w":0.9938675761222839},"size":13.277167320251465,"orthographic":true}